User,Name,Date,changes
O. Morand,Loi_du_28_pluviôse_an_VIII,23/10/2007 10:28,5117
Richelieu,Conspiration_de_Bicêtre,20/10/2005 11:50,4858
Richelieu,Complot_de_l'Œillet,13/10/2005 01:02,4660
84.5.153.17,Complot_révolutionnaire_nantais_contre_les_modérés,16/09/2005 04:25,4500
Dauphiné,Armée_de_l'Ouest,10/12/2007 11:14,4111
Attis,Affaire_du_camp_de_Grenelle,22/10/2007 05:58,3656
Richelieu,Bataille_de_Cholet,16/09/2005 11:34,2753
90.3.198.103,Caroline_chérie_(1951),25/10/2006 08:46,2641
Dinkley,Cocarde_tricolore,23/07/2008 08:19,2238
82.225.234.108,Affaire_Réveillon,17/12/2005 09:01,2025
87.91.108.11,Caroline_chérie_(1951),16/10/2006 05:52,2024
Richelieu,Coup_d'État_du_18_fructidor_an_V,07/10/2005 04:33,2016
Richelieu,Bon_Albert_Briois_de_Beaumetz,24/02/2006 02:05,1920
Fredbo28,10e_régiment_de_hussards,17/12/2007 10:24,1806
Richelieu,Coup_d'État_du_30_prairial_an_VII_(18_juin_1799),07/10/2005 02:22,1758
-Strogoff-,Antoine_François_Péré,07/04/2008 07:52,1710
Richelieu,Bon_Albert_Briois_de_Beaumetz,25/12/2005 12:41,1703
Dinkley,Adoption_par_Louis_XVI_de_la_cocarde_tricolore,23/07/2008 08:26,1699
Sanao,Cocarde_tricolore,16/03/2008 10:17,1661
Clm03,Alexandre_François_Marie_de_Beauharnais,17/04/2005 09:56,1651
Sanao,Cocarde_tricolore,10/07/2008 07:54,1613
Nicod,Augustin-Jean-Charles_Clément,19/05/2008 08:40,1593
Attis,Conspiration_des_poignards,11/03/2008 10:07,1558
Estebanlenormand,Antoine_Alexandre_Hanicque,14/06/2008 07:48,1558
Badmood,Club_de_1789,01/04/2008 07:55,1451
Chicobot,Club_de_1789,28/04/2007 08:02,1411
DumZiBoT,Club_de_1789,13/02/2008 10:35,1384
Khaerr,13e_régiment_de_hussards,14/06/2007 12:29,1373
Richelieu,Adoption_par_Louis_XVI_de_la_cocarde_tricolore,18/06/2005 03:42,1351
Richelieu,Comité_d'instruction_publique,10/06/2005 02:54,1349
Kirtap,Conspiration_des_poignards,05/03/2008 09:20,1348
Khaerr,11e_régiment_de_hussards_(France),14/06/2007 01:40,1343
Chaoborus,Club_de_1789,09/10/2006 04:33,1326
Khaerr,12e_régiment_de_hussards,14/06/2007 01:00,1312
86.195.200.175,Caroline_chérie_(1951),29/11/2006 04:33,1311
Nicod,Augustin-Jean-Charles_Clément,06/04/2008 04:23,1300
Clémentsf,1er_régiment_de_dragons,07/11/2007 09:16,1282
Heurtelions,Bien_national,31/03/2008 08:19,1273
Briling,Club_de_1789,11/03/2006 09:30,1234
Attis,Conspiration_des_poignards,12/03/2008 09:37,1234
Siren,Bien_national,23/04/2005 08:12,1228
Attis,Antoine_Banassat,07/10/2007 08:42,1219
Khaerr,10e_régiment_de_hussards,14/06/2007 12:49,1195
Serein,Appel_nominal,10/06/2008 08:07,1185
Polmars,Alexandre_François_Marie_de_Beauharnais,27/04/2006 03:24,1173
Attis,Achille_Libéral_Treilhard,20/09/2006 07:01,1159
Godix,Charles_Antoine_Chasset,25/11/2007 02:50,1142
Keriluamox,Corps_législatif_(Consulat_et_Premier_Empire),01/01/2007 08:49,1122
Fredbo28,1er_régiment_de_dragons,09/12/2007 11:53,1113
Archeos,Contributions_directes,04/12/2005 07:32,1086
Nicod,Augustin-Jean-Charles_Clément,18/05/2008 11:56,1042
Richelieu,Conseil_exécutif_(Révolution_française),05/11/2005 02:27,976
Raoul75,Auguste_Marie_Raymond_d'Arenberg,11/10/2006 02:09,973
Philippenusbaumer,Benjamin_Zix,15/02/2007 11:03,961
Estebanlenormand,Alexandre_François_Marie_de_Beauharnais,19/07/2007 07:35,944
Nicod,Comité_ecclésiastique,27/05/2008 02:13,924
Ga-massoni,12e_régiment_de_hussards,13/07/2008 04:46,896
Serein,Augustin-Jean-Charles_Clément,07/04/2008 07:30,884
Dauphiné,Armée_de_l'Ouest,10/12/2007 11:22,880
81.220.243.109,Carle_Vernet,04/08/2007 07:41,872
84.5.244.223,Complot_de_Charenton,03/11/2005 04:37,857
Heurtelions,Bien_national,31/03/2008 08:38,850
Hughes brivet,Carle_Vernet,01/05/2008 06:09,837
Heurtelions,Citoyen_actif,20/01/2008 02:20,817
Probot,Alexandre_François_Marie_de_Beauharnais,24/01/2006 08:14,814
Aymeric78,Coup_d'État_du_18_fructidor_an_V,16/02/2007 05:54,811
Ptyx,Bonnet_phrygien,18/06/2007 06:46,805
Fourvin,Caroline_chérie_(1951),24/09/2005 11:40,799
Fredbo28,12e_régiment_de_hussards,02/12/2007 04:55,788
Nicod,Comité_ecclésiastique,06/04/2008 03:16,776
194.158.98.36,Conseil_exécutif_(Révolution_française),22/02/2006 10:35,758
Ske,Bonnet_phrygien,19/10/2004 12:11,751
87.91.108.11,Caroline_chérie_(1951),27/10/2006 06:31,743
Fredbo28,11e_régiment_de_hussards_(France),26/11/2007 09:43,742
Ga-massoni,12e_régiment_de_hussards,13/07/2008 05:00,723
Le gorille,Charles_Antoine_Chasset,23/08/2006 02:07,722
Fredbo28,13e_régiment_de_hussards,28/11/2007 06:00,722
Richelieu,Club_de_1789,15/11/2005 08:46,717
Nicod,Augustin-Jean-Charles_Clément,19/05/2008 08:51,716
83.156.170.20,Bonnet_phrygien,21/01/2007 09:54,708
Nouky-and-co,Accapareurs,11/12/2006 08:12,699
82.124.29.133,André_Joseph_Abrial,28/01/2006 03:40,696
Massoni,1er_régiment_de_dragons,30/09/2007 01:44,637
Sanao,Cocarde_tricolore,16/03/2008 09:42,636
Polmars,Bien_national,19/09/2006 09:19,625
Richelieu,Certificat_de_civisme,26/12/2005 01:32,579
Attis,Conspiration_des_poignards,11/03/2008 03:53,575
Richelieu,Club_des_Impartiaux,11/11/2005 01:23,567
86.198.223.234,Chouans_!,21/08/2007 06:04,559
Archeos,Bonnet_phrygien,12/01/2007 10:44,556
Sammyday,Alexandre_François_Marie_de_Beauharnais,10/01/2008 02:43,549
Heurtelions,Bien_national,31/03/2008 08:43,534
Khaerr,10e_régiment_de_hussards,27/06/2007 01:59,530
Sfrancois,Citoyen_actif,11/06/2005 07:10,528
Brozouf,Bataille_de_Cholet,10/01/2007 10:12,525
Brozouf,Bataille_de_Cholet,10/01/2007 10:09,520
Vicomte Moniot,Cocarde_tricolore,02/02/2006 05:08,519
Massoni,12e_régiment_de_hussards,15/09/2007 07:59,517
-Strogoff-,Charles_Antoine_Chasset,29/03/2008 02:13,515
Mro,11e_régiment_de_hussards_(France),30/06/2008 01:06,512
Richelieu,Club_de_Salm,18/12/2005 06:42,502
Attis,Affaire_du_camp_de_Grenelle,23/10/2007 11:50,471
Pautard,Club_de_1789,25/02/2006 08:17,455
Hughes brivet,Carle_Vernet,01/05/2008 01:37,450
Massoni,13e_régiment_de_hussards,15/09/2007 08:06,447
Richelieu,Alexandre_François_Marie_de_Beauharnais,27/12/2007 06:43,444
Jaucourt,Carle_Vernet,07/10/2007 04:47,442
Ga-massoni,10e_régiment_de_hussards,16/12/2007 03:43,442
Laure-Marie,Auguste_Marie_Raymond_d'Arenberg,02/05/2008 01:44,442
Luzmael,Affaire_du_camp_de_Grenelle,10/11/2007 04:55,438
Badmood,13e_régiment_de_hussards,29/06/2008 04:10,432
Le gorille,Baiser_Lamourette,27/07/2006 08:00,425
Massoni,1er_régiment_de_dragons,30/09/2007 02:10,420
194.250.98.243,1er_régiment_de_dragons,18/05/2006 12:09,412
Nicod,Augustin-Jean-Charles_Clément,19/05/2008 09:45,408
Stanlekub,Adoption_par_Louis_XVI_de_la_cocarde_tricolore,18/06/2005 06:19,401
Piotr Ilitch Tchaïkovski,Carle_Vernet,17/07/2006 09:03,397
Massoni,10e_régiment_de_hussards,15/09/2007 07:39,386
Massoni,1er_régiment_de_dragons,30/09/2007 01:37,385
86.198.223.234,Chouans_!,21/08/2007 06:16,384
Wikimaniac,Chouans_!,20/02/2008 03:57,382
Venividi,1er_régiment_de_dragons,11/11/2007 06:10,378
Jaucourt,Adoption_par_Louis_XVI_de_la_cocarde_tricolore,06/07/2008 07:02,374
Cqui,Contributions_directes,13/12/2006 10:36,373
Khaerr,Armée_de_l'Ouest,09/01/2008 01:14,368
Cqui,Contributions_directes,13/12/2006 10:44,366
Épiméthée,Bien_national,18/05/2008 09:17,361
Cqui,Contributions_directes,13/12/2006 10:46,357
Badmood,12e_régiment_de_hussards,29/06/2008 08:04,356
Le gorille,Armée_de_l'Ouest,28/07/2006 12:43,340
Brozouf,Camille_Borghèse,05/02/2006 10:53,338
Massoni,11e_régiment_de_hussards_(France),15/09/2007 07:50,332
87.91.108.11,Caroline_chérie_(1951),27/10/2006 06:36,325
LPLT,Affaire_Réveillon,24/06/2007 05:14,325
Marsyas,Bonnet_phrygien,14/01/2006 02:05,324
Ga-massoni,12e_régiment_de_hussards,30/12/2007 08:31,323
Néfermaât,1er_régiment_de_dragons,06/10/2007 08:30,312
82.242.44.18,Bien_national,01/05/2008 09:40,311
Popolon,Affaire_Réveillon,19/12/2005 10:20,301
Khaerr,Bataille_de_Cholet,05/02/2007 06:30,297
ThierryVignaud,Bonnet_phrygien,15/04/2005 07:33,289
Mbzt,Affaire_Réveillon,25/08/2006 12:21,289
Eusebius,Affaire_de_Nancy,15/08/2007 08:35,289
Anhkhoi,Bonnet_phrygien,03/06/2006 01:44,284
Archeos,Bataille_de_Cholet,06/02/2007 01:54,281
83.197.81.154,Citoyen_actif,16/05/2005 02:38,275
193.251.203.108,13e_régiment_de_hussards,07/10/2007 07:18,274
Daniel*D,Charles_Antoine_Chasset,09/01/2008 12:24,264
Brozouf,Blancs_(Révolution_française),02/02/2006 08:10,261
Brozouf,Bataille_de_Cholet,10/01/2007 10:31,261
Colombia,Alexandre_François_Marie_de_Beauharnais,02/03/2008 03:59,260
Badmood,Bonnet_phrygien,06/10/2005 10:42,259
Nicod,Augustin-Jean-Charles_Clément,18/05/2008 12:21,256
Massoni,1er_régiment_de_dragons,30/09/2007 02:05,249
Nias,12e_régiment_de_hussards,26/10/2007 09:26,246
Vargenau,Complot_révolutionnaire_nantais_contre_les_modérés,06/10/2005 09:06,245
Mued,Bonnet_phrygien,03/03/2005 03:49,243
Attis,Achille_Libéral_Treilhard,24/09/2006 01:11,238
Badmood,Charles_Antoine_Chasset,06/08/2007 07:44,233
Gene.arboit,Bonnet_phrygien,12/06/2007 02:18,231
Ga-massoni,12e_régiment_de_hussards,16/12/2007 03:51,231
Massoni,1er_régiment_de_dragons,30/09/2007 01:53,229
82.234.44.9,Bonnet_phrygien,31/10/2006 07:25,225
Philip,Bataille_de_Cholet,17/03/2008 01:36,224
91.164.76.53,Carle_Vernet,30/07/2007 06:48,217
Sammyday,Alexandre_François_Marie_de_Beauharnais,03/03/2008 10:54,214
Archeos,Armée_de_l'Ouest,06/02/2007 01:48,213
Brozouf,Camille_Borghèse,05/02/2006 10:48,208
Ptbotgourou,Armée_de_l'Ouest,23/05/2008 09:06,208
Badmood,Achille_Libéral_Treilhard,07/08/2007 02:59,206
90.19.154.11,Citoyen_actif,12/03/2007 05:12,204
Badmood,Bon_Albert_Briois_de_Beaumetz,07/08/2007 07:54,203
Attis,Affaire_du_camp_de_Grenelle,11/11/2007 02:35,202
Massoni,10e_régiment_de_hussards,15/09/2007 10:06,201
Archeos,Bonnet_phrygien,13/01/2007 01:53,200
Massoni,11e_régiment_de_hussards_(France),15/09/2007 10:12,200
90.19.154.11,Citoyen_actif,12/03/2007 05:05,199
88.123.140.123,Benjamin_Zix,14/02/2007 09:56,197
Richelieu,Alexandre_François_Marie_de_Beauharnais,07/11/2007 02:32,195
Jaucourt,Conseil_exécutif_(Révolution_française),17/08/2006 04:30,194
Sammyday,Alexandre_François_Marie_de_Beauharnais,03/03/2008 10:55,192
86.212.52.231,Coup_d'État_du_18_fructidor_an_V,12/10/2007 06:25,191
Le gorille,Banqueroute_des_deux_tiers,10/08/2006 08:11,187
Vargenau,Bataille_de_Cholet,28/01/2006 10:19,182
Musso,Coup_d'État_du_18_fructidor_an_V,23/07/2007 09:46,181
Vargenau,Comité_d'instruction_publique,10/06/2005 03:20,180
Nicod,Comité_ecclésiastique,06/04/2008 03:20,180
Ga-massoni,12e_régiment_de_hussards,02/12/2007 09:24,178
Ga-massoni,12e_régiment_de_hussards,30/12/2007 08:36,177
Raoul75,André_Joseph_Abrial,30/03/2006 01:32,176
Polmars,Bon_Albert_Briois_de_Beaumetz,09/05/2006 01:01,176
83.202.36.102,Coup_d'État_du_18_fructidor_an_V,12/03/2008 06:33,174
PieRRoMaN,Citoyen_actif,20/02/2006 09:48,172
Nanceio,Affaire_de_Nancy,11/07/2007 09:10,171
Colombia,Alexandre_François_Marie_de_Beauharnais,02/03/2008 04:16,171
Sherbrooke,Camille_Borghèse,05/09/2005 11:10,170
Idarvol,Coup_d'État_du_18_fructidor_an_V,20/12/2005 05:53,167
Michco,Complot_révolutionnaire_nantais_contre_les_modérés,23/03/2008 03:39,167
194.210.1.51,Bonnet_phrygien,19/10/2004 11:02,163
Sammyday,Antoine_Banassat,10/03/2008 03:11,158
Polmars,Bon_Albert_Briois_de_Beaumetz,15/05/2006 10:52,157
Badmood,Carle_Vernet,09/08/2007 08:55,156
Fredbo28,1er_régiment_de_dragons,29/08/2007 10:01,153
Heurtelions,Bien_national,31/03/2008 08:45,151
Châtillon,Bonnet_phrygien,30/07/2007 05:13,149
Massoni,13e_régiment_de_hussards,15/09/2007 08:10,146
Nicod,Comité_ecclésiastique,27/05/2008 03:15,144
Kirtap,Conspiration_des_poignards,05/03/2008 09:38,143
Probot,Bon_Albert_Briois_de_Beaumetz,24/01/2006 08:35,142
Probot,Bon_Albert_Briois_de_Beaumetz,24/01/2006 09:55,140
Solveig,Accapareurs,30/12/2006 07:28,139
Zwobot,Alexandre_François_Marie_de_Beauharnais,08/07/2005 12:04,138
Keriluamox,Corps_législatif_(Consulat_et_Premier_Empire),01/01/2007 09:30,137
Jaucourt,Club_de_1789,09/07/2007 05:04,136
GillesC,1er_régiment_de_dragons,25/10/2007 01:53,136
Vargenau,Coup_d'État_du_18_fructidor_an_V,29/01/2006 12:48,135
Massoni,10e_régiment_de_hussards,15/09/2007 07:42,133
82.225.234.108,Bonnet_phrygien,30/06/2008 03:57,133
Ploum's,Camille_Borghèse,17/05/2005 06:33,132
Popolon,Affaire_Réveillon,19/12/2005 10:32,127
-Strogoff-,Armée_de_l'Ouest,11/06/2008 04:49,126
Kirtap,Carle_Vernet,19/06/2008 07:37,126
Philippenusbaumer,Carle_Vernet,25/12/2006 09:59,125
Orbi Fontes,Coup_d'État_du_18_fructidor_an_V,01/12/2007 07:58,125
Khaerr,Bataille_de_Cholet,26/08/2007 05:47,121
Badmood,Camille_Borghèse,08/08/2007 08:45,120
(et)t,Alexandre_François_Marie_de_Beauharnais,04/06/2005 07:48,118
Richelieu,Alexandre_François_Marie_de_Beauharnais,04/10/2005 12:37,118
82.124.191.160,Bonnet_phrygien,19/03/2006 06:50,118
Kirtap,Conspiration_des_poignards,10/03/2008 03:00,118
Loveless,Bon_Albert_Briois_de_Beaumetz,17/05/2008 11:09,118
Brozouf,Alexandre_François_Marie_de_Beauharnais,04/11/2006 10:20,117
Attis,Achille_Libéral_Treilhard,20/09/2006 07:08,116
Épiméthée,11e_régiment_de_hussards_(France),09/07/2008 05:56,116
Piotr Ilitch Tchaïkovski,Carle_Vernet,17/07/2006 09:07,114
Ga-massoni,10e_régiment_de_hussards,16/12/2007 03:33,113
-Strogoff-,André_Joseph_Abrial,15/06/2008 01:12,113
-Strogoff-,Loi_du_28_pluviôse_an_VIII,16/06/2008 06:49,113
GillesC,Bon_Albert_Briois_de_Beaumetz,15/03/2006 01:25,111
Ga-massoni,13e_régiment_de_hussards,30/12/2007 01:05,111
Massoni,1er_régiment_de_dragons,30/09/2007 02:15,109
Archeos,Certificat_de_civisme,26/12/2005 04:34,108
Richelieu,Complot_révolutionnaire_nantais_contre_les_modérés,02/10/2005 02:35,105
Clm03,Alexandre_François_Marie_de_Beauharnais,29/04/2005 12:27,104
Richelieu,Adoption_par_Louis_XVI_de_la_cocarde_tricolore,04/10/2005 11:28,103
Vargenau,Club_de_Salm,27/01/2006 02:23,103
24.202.0.195,Bonnet_phrygien,15/06/2008 10:05,102
Furmeyer,Bataille_de_Cholet,10/09/2007 04:53,101
Dinkley,Cocarde_tricolore,10/07/2008 06:31,101
Fantassin 72,10e_régiment_de_hussards,10/03/2008 06:42,100
Nicod,Comité_ecclésiastique,26/05/2008 09:47,100
Vargenau,Adoption_par_Louis_XVI_de_la_cocarde_tricolore,25/06/2005 08:42,99
Vargenau,Conseil_exécutif_(Révolution_française),30/01/2006 09:01,99
Fredbo28,11e_régiment_de_hussards_(France),14/06/2007 07:20,99
Khaerr,Bataille_de_Cholet,27/06/2008 10:42,99
Probot,Alexandre_François_Marie_de_Beauharnais,07/10/2005 07:25,98
Archeos,Contributions_directes,15/12/2006 05:57,98
90.0.95.190,Bonnet_phrygien,09/05/2007 11:29,98
FHd,Augustin-Jean-Charles_Clément,25/06/2008 08:40,97
Mbzt,Affaire_Réveillon,25/08/2006 12:17,96
Davric,10e_régiment_de_hussards,05/08/2007 04:10,96
Sammyday,Complot_de_l'Œillet,21/04/2008 02:07,96
Zetud,Antoine_François_Péré,12/05/2008 03:48,94
Fredbo28,1er_régiment_de_dragons,18/05/2007 07:54,93
Ga-massoni,10e_régiment_de_hussards,30/12/2007 08:16,93
Attis,Affaire_du_camp_de_Grenelle,23/10/2007 11:38,92
Vargenau,Conspiration_de_Bicêtre,27/01/2006 05:18,91
Kilom691,Camille_Borghèse,30/05/2006 08:09,91
Ybourgogne,Corps_législatif_(Consulat_et_Premier_Empire),02/06/2008 06:21,91
-Strogoff-,Benjamin_Zix,18/06/2008 07:29,91
Vargenau,Complot_de_l'Œillet,29/01/2006 07:20,89
Sand,Bonnet_phrygien,18/12/2006 01:21,88
Fredbo28,12e_régiment_de_hussards,14/06/2007 07:22,88
Clm03,Alexandre_François_Marie_de_Beauharnais,17/04/2005 10:34,87
Badmood,Benjamin_Zix,09/08/2007 04:40,87
Richelieu,Bataille_de_Cholet,04/10/2005 11:49,86
Fredbo28,13e_régiment_de_hussards,28/11/2007 06:01,86
Polmars,Club_des_Impartiaux,17/02/2008 10:56,86
EDUCA33E,Alexandre_François_Marie_de_Beauharnais,06/05/2006 04:42,85
Badmood,Bon_Albert_Briois_de_Beaumetz,27/01/2006 11:43,84
Massoni,1er_régiment_de_dragons,30/09/2007 02:12,84
Scoubidou75,Carle_Vernet,04/11/2007 06:20,84
-Strogoff-,Contributions_directes,22/06/2008 05:45,84
Romanc19s,Coup_d'État_du_30_prairial_an_VII_(18_juin_1799),01/01/2006 08:39,82
Papier K,Coup_d'État_du_18_fructidor_an_V,14/11/2006 09:09,82
Bilou,1er_régiment_de_dragons,04/06/2006 08:49,81
Justelipse,Achille_Libéral_Treilhard,23/09/2006 11:20,81
Davric,1er_régiment_de_dragons,05/08/2007 06:26,80
86.212.52.231,Coup_d'État_du_18_fructidor_an_V,12/10/2007 06:17,80
Solbot,Camille_Borghèse,03/10/2005 08:28,79
Vargenau,Complot_de_Charenton,29/01/2006 07:17,79
DumZiBoT,Corps_législatif_(Consulat_et_Premier_Empire),03/02/2008 10:48,79
Khaerr,Armée_de_l'Ouest,12/04/2008 12:45,79
Nanceio,Affaire_de_Nancy,14/07/2007 08:22,78
Archeos,Contributions_directes,15/12/2006 11:45,77
Dinkley,Cocarde_tricolore,08/07/2008 11:31,77
Polmars,Club_de_1789,17/02/2008 10:52,76
Polmars,Club_de_Salm,17/02/2008 10:54,76
Nicod,Augustin-Jean-Charles_Clément,18/05/2008 12:26,76
Polmars,Alexandre_François_Marie_de_Beauharnais,15/05/2006 10:47,75
83.152.86.142,1er_régiment_de_dragons,30/07/2007 09:01,75
Darkdadaah,Ci-devant,06/11/2005 03:26,73
Badmood,Alexandre_François_Marie_de_Beauharnais,27/01/2006 12:06,73
84.5.152.231,Camille_Borghèse,17/05/2005 01:07,72
Polmars,Complot_de_l'Œillet,30/07/2007 08:01,72
Martin.komunide.com,Ci-devant,09/11/2004 12:37,71
Thedreamstree,Accapareurs,04/02/2007 03:14,71
Shaddam 5,Alexandre_François_Marie_de_Beauharnais,07/01/2008 02:16,71
RamaR,Ci-devant,18/07/2006 05:23,70
168.226.106.121,Bonnet_phrygien,01/04/2007 01:49,69
Khaerr,Chouans_!,29/11/2007 12:15,69
Richelieu,Alexandre_François_Marie_de_Beauharnais,27/12/2007 07:09,69
Shaddam 5,Alexandre_François_Marie_de_Beauharnais,07/01/2008 02:16,69
Alecs.bot,13e_régiment_de_hussards,02/04/2008 02:33,69
-Strogoff-,Conspiration_des_poignards,16/06/2008 06:50,69
Khaerr,11e_régiment_de_hussards_(France),14/06/2007 01:40,68
Eusebius,Affaire_de_Nancy,15/08/2007 08:30,68
Serein,Appel_nominal,10/06/2008 08:09,68
Serein,Complot_révolutionnaire_nantais_contre_les_modérés,10/06/2008 08:22,68
-Strogoff-,Bataille_de_Cholet,11/06/2008 05:31,68
Attis,Achille_Libéral_Treilhard,20/09/2006 07:05,67
Keriluamox,Corps_législatif_(Consulat_et_Premier_Empire),01/01/2007 08:54,67
Richelieu,Alexandre_François_Marie_de_Beauharnais,07/11/2007 02:34,67
Ga-massoni,12e_régiment_de_hussards,30/12/2007 12:58,67
Ga-massoni,13e_régiment_de_hussards,30/12/2007 12:59,67
Loveless,Auguste_Marie_Raymond_d'Arenberg,17/05/2008 11:08,67
193.251.184.88,Adoption_par_Louis_XVI_de_la_cocarde_tricolore,02/06/2006 07:45,66
Sahara,Ci-devant,27/07/2006 08:05,66
86.212.52.231,Coup_d'État_du_18_fructidor_an_V,12/10/2007 06:29,66
Loveless,Charles_Antoine_Chasset,17/05/2008 11:10,66
Pedro Lassouras,Club_de_1789,08/03/2007 10:25,64
77.193.214.77,Chouans_!,10/11/2007 01:31,64
Orbi Fontes,Coup_d'État_du_18_fructidor_an_V,01/12/2007 08:08,64
PoM,Contributions_directes,26/04/2008 09:53,64
Benjism89,André_Joseph_Abrial,19/05/2006 12:04,63
80.118.33.228,Affaire_de_Nancy,17/07/2007 10:10,63
Alecs.bot,10e_régiment_de_hussards,02/04/2008 01:12,63
Massoni,1er_régiment_de_dragons,30/09/2007 01:49,62
Pontarlier,Charles_Antoine_Chasset,30/12/2007 12:01,62
83.202.36.102,Coup_d'État_du_18_fructidor_an_V,12/03/2008 06:42,62
-Strogoff-,André_Joseph_Abrial,31/03/2008 11:51,62
BeatrixBelibaste,Augustin-Jean-Charles_Clément,23/05/2008 11:00,62
83.197.81.154,Citoyen_actif,16/05/2005 02:41,61
Aboumael,Camille_Borghèse,10/06/2005 01:26,61
Gribeco,Bonnet_phrygien,04/08/2006 03:57,61
Sand,Bonnet_phrygien,10/04/2007 06:44,61
Fredbo28,Alexandre_François_Marie_de_Beauharnais,23/06/2007 04:44,61
83.202.19.25,Coup_d'État_du_18_fructidor_an_V,30/12/2007 06:27,61
Brozouf,Camille_Borghèse,05/02/2006 10:49,60
ZiziBot,13e_régiment_de_hussards,25/11/2007 04:26,60
Fredbo28,13e_régiment_de_hussards,31/12/2007 11:35,60
Alecs.bot,11e_régiment_de_hussards_(France),02/04/2008 01:47,60
-Strogoff-,Corps_législatif_(Consulat_et_Premier_Empire),05/05/2008 03:02,60
Serein,1er_régiment_de_dragons,20/05/2006 08:01,59
Raoul75,Auguste_Marie_Raymond_d'Arenberg,15/11/2006 04:04,59
Ga-massoni,10e_régiment_de_hussards,16/12/2007 03:35,59
EVula,Camille_Borghèse,29/12/2007 01:21,59
Richelieu,Alexandre_François_Marie_de_Beauharnais,04/10/2005 12:39,58
Heurtelions,Bien_national,31/03/2008 08:25,58
Nelson98,Coup_d'État_du_18_fructidor_an_V,24/05/2008 12:48,58
Richelieu,Club_de_Salm,21/12/2005 08:31,57
Miniwark,Cocarde_tricolore,05/02/2006 10:30,57
Serein,1er_régiment_de_dragons,20/05/2006 08:03,57
PierreEG,Certificat_de_civisme,18/06/2008 09:59,57
Sand,Bonnet_phrygien,22/11/2006 12:08,56
Macarrones,Coup_d'État_du_18_fructidor_an_V,13/06/2007 08:31,54
Polmars,Affaire_Réveillon,10/11/2007 11:19,54
Fantassin 72,10e_régiment_de_hussards,09/03/2008 03:29,54
-Strogoff-,Corps_législatif_(Consulat_et_Premier_Empire),12/06/2008 11:29,54
Popolon,Affaire_Réveillon,19/12/2005 10:25,53
Tensai,André_Joseph_Abrial,14/02/2006 07:04,53
83.199.55.16,Coup_d'État_du_18_fructidor_an_V,27/04/2008 04:47,53
Hughes brivet,Carle_Vernet,11/05/2008 09:36,53
-Strogoff-,André_Joseph_Abrial,02/06/2008 02:14,53
Kropotkine 113,Antoine_Alexandre_Hanicque,15/06/2008 02:24,53
86.212.199.55,Caroline_chérie_(1951),29/10/2006 03:29,52
Badmood,André_Joseph_Abrial,09/08/2007 02:15,52
Mythe,Caroline_chérie_(1951),06/01/2008 12:35,52
-Strogoff-,André_Joseph_Abrial,31/03/2008 11:57,52
Urban,Bonnet_phrygien,21/03/2006 05:52,51
Kilom691,Carle_Vernet,05/11/2006 07:43,51
Massoni,10e_régiment_de_hussards,15/09/2007 10:08,51
Khaerr,12e_régiment_de_hussards,14/06/2007 03:56,50
Khaerr,13e_régiment_de_hussards,14/06/2007 03:56,50
Khaerr,11e_régiment_de_hussards_(France),14/06/2007 03:57,50
Épiméthée,Club_des_Impartiaux,06/06/2008 03:50,50
Ga-massoni,12e_régiment_de_hussards,13/07/2008 04:49,50
Brozouf,Alexandre_François_Marie_de_Beauharnais,21/01/2006 10:02,49
Brozouf,Alexandre_François_Marie_de_Beauharnais,21/01/2006 09:59,48
Brozouf,Camille_Borghèse,05/02/2006 10:44,48
Tensai,André_Joseph_Abrial,14/02/2006 06:46,48
Musso,Coup_d'État_du_18_fructidor_an_V,27/07/2007 06:09,48
Estebanlenormand,André_Joseph_Abrial,18/08/2007 08:56,48
Jplm,Caroline_chérie_(1951),10/11/2007 10:10,48
Heurtelions,Bien_national,31/03/2008 08:47,48
Nicod,Comité_ecclésiastique,26/05/2008 10:02,48
Philip,Alexandre_François_Marie_de_Beauharnais,17/08/2005 07:09,47
Pautard,Club_de_1789,25/02/2006 08:22,47
Pedro Lassouras,Caroline_chérie_(1951),01/02/2007 02:26,47
Khaerr,Chouans_!,25/06/2008 10:59,47
Thijs!bot,Alexandre_François_Marie_de_Beauharnais,26/06/2008 02:37,47
Phe,Affaire_Réveillon,22/01/2006 12:03,46
Greudin,Bonnet_phrygien,02/07/2006 07:47,46
Groumfy69,Adoption_par_Louis_XVI_de_la_cocarde_tricolore,02/01/2007 03:37,46
Massoni,1er_régiment_de_dragons,30/09/2007 01:58,46
Scoubidou75,Carle_Vernet,04/11/2007 06:22,46
Badmood,Affaire_Réveillon,01/04/2008 06:58,46
Badmood,Corps_législatif_(Consulat_et_Premier_Empire),03/04/2008 04:48,46
Niavlys81,Charles_Antoine_Chasset,16/04/2008 04:40,46
-Strogoff-,Camille_Borghèse,18/06/2008 12:53,46
Alexandrin,Bien_national,23/04/2006 08:21,45
Alexandrin,Citoyen_actif,23/04/2006 08:26,45
Alexandrin,Club_de_1789,23/04/2006 08:26,45
Alexandrin,Club_des_Impartiaux,23/04/2006 08:28,45
Néfermaât,1er_régiment_de_dragons,30/03/2007 07:03,45
Aoineko,Ci-devant,10/11/2004 05:02,44
Yanik Crépeau,Bon_Albert_Briois_de_Beaumetz,25/12/2005 01:38,44
Jastrow,Camille_Borghèse,18/03/2007 01:57,44
-Strogoff-,Antoine_Alexandre_Hanicque,16/06/2008 10:04,44
Jaucourt,Bien_national,19/06/2008 09:47,44
Chicobot,Accapareurs,28/04/2007 07:12,43
Chicobot,Armée_de_l'Ouest,28/04/2007 07:27,43
Chicobot,Bonnet_phrygien,28/04/2007 07:39,43
Chicobot,Caroline_chérie_(1951),28/04/2007 07:40,43
Ga-massoni,10e_régiment_de_hussards,30/12/2007 02:26,43
Polmars,Club_de_1789,17/02/2008 12:12,43
Fantassin 72,10e_régiment_de_hussards,09/03/2008 03:28,43
83.27.202.42,Bonnet_phrygien,21/10/2004 10:39,42
Mirmillon,Comité_d'instruction_publique,10/06/2005 03:21,42
Alexandrin,Affaire_Réveillon,20/05/2007 03:52,42
Sammyday,Conspiration_des_poignards,11/03/2008 09:35,42
Attis,Affaire_du_camp_de_Grenelle,18/03/2008 02:34,42
-Strogoff-,Affaire_du_camp_de_Grenelle,11/06/2008 05:28,42
-Strogoff-,Coup_d'État_du_18_fructidor_an_V,11/06/2008 06:23,42
75.72.158.173,Camille_Borghèse,16/01/2007 10:02,41
-Strogoff-,Corps_législatif_(Consulat_et_Premier_Empire),28/03/2008 01:21,41
Nicod,Comité_ecclésiastique,26/05/2008 11:07,41
MelancholieBot,Camille_Borghèse,04/07/2008 05:39,41
Thijs!bot,Camille_Borghèse,05/07/2008 12:01,41
Popolon,Affaire_Réveillon,19/12/2005 10:51,40
Khaerr,Bataille_de_Cholet,06/02/2007 10:26,40
Attis,Antoine_Banassat,01/04/2008 09:41,40
Épiméthée,Club_de_Salm,06/06/2008 03:51,40
Pautard,Club_de_1789,25/02/2006 08:33,39
Wissenz,Adoption_par_Louis_XVI_de_la_cocarde_tricolore,03/01/2007 05:59,39
Eusebius,Affaire_de_Nancy,15/08/2007 08:29,39
Brunehaut,Carle_Vernet,12/09/2007 07:40,39
DumZiBoT,Citoyen_actif,09/01/2008 05:59,39
Badmood,Club_des_Impartiaux,01/04/2008 06:30,39
Badmood,Club_de_Salm,01/04/2008 07:07,39
Badmood,Club_de_1789,02/04/2008 09:16,39
Dinkley,Cocarde_tricolore,23/07/2008 08:25,39
Tython,Caroline_chérie_(1951),05/01/2006 10:09,38
Serein,1er_régiment_de_dragons,20/05/2006 08:08,38
86.212.82.195,Carle_Vernet,04/08/2006 02:38,38
86.212.82.195,Carle_Vernet,04/08/2006 02:42,38
83.152.86.142,1er_régiment_de_dragons,30/07/2007 09:04,38
DeepBot,13e_régiment_de_hussards,25/11/2007 06:22,38
Matrix76,Auguste_Marie_Raymond_d'Arenberg,13/12/2007 01:21,38
Colombia,Alexandre_François_Marie_de_Beauharnais,02/03/2008 04:00,38
Fantassin 72,10e_régiment_de_hussards,10/03/2008 06:43,38
Ybourgogne,Corps_législatif_(Consulat_et_Premier_Empire),21/05/2008 01:08,38
Sebleouf,Charles_Antoine_Chasset,04/07/2008 09:57,38
Richelieu,Complot_de_l'Œillet,13/10/2005 01:02,37
Clio64,Bataille_de_Cholet,01/12/2005 06:30,37
RobotQuistnix,Carle_Vernet,09/08/2006 04:34,37
Kyle the bot,Carle_Vernet,31/12/2006 08:35,37
Thijs!bot,Carle_Vernet,21/02/2007 07:39,37
AlleborgoBot,Carle_Vernet,21/05/2007 07:09,37
Nanceio,Affaire_de_Nancy,21/07/2007 09:19,37
89.3.211.202,Antoine_Banassat,12/07/2008 01:14,37
John Keats 78,André_Joseph_Abrial,14/03/2006 08:42,36
Sfrancois,Bonnet_phrygien,16/12/2004 11:26,35
Orthodingue,Affaire_de_Nancy,06/09/2007 04:36,35
Stanlekub,Caroline_chérie_(1951),23/09/2007 05:33,35
83.194.143.61,1er_régiment_de_dragons,09/12/2007 06:29,35
Fredbo28,1er_régiment_de_dragons,11/12/2007 08:27,35
-Strogoff-,Corps_législatif_(Consulat_et_Premier_Empire),05/05/2008 02:38,35
PierreEG,Bien_national,18/06/2008 09:59,35
Ga-massoni,12e_régiment_de_hussards,13/07/2008 04:32,35
Justelipse,Club_de_Salm,22/04/2006 11:39,34
Thijs!bot,Bonnet_phrygien,02/04/2007 03:54,34
Chicobot,Adoption_par_Louis_XVI_de_la_cocarde_tricolore,28/04/2007 07:12,34
Chicobot,Affaire_Réveillon,28/04/2007 07:13,34
Chicobot,Alexandre_François_Marie_de_Beauharnais,28/04/2007 07:14,34
Chicobot,André_Joseph_Abrial,28/04/2007 07:17,34
Chicobot,Auguste_Marie_Raymond_d'Arenberg,28/04/2007 07:31,34
Chicobot,Baiser_Lamourette,28/04/2007 07:32,34
Chicobot,Banqueroute_des_deux_tiers,28/04/2007 07:32,34
Chicobot,Bien_national,28/04/2007 07:38,34
Chicobot,Blancs_(Révolution_française),28/04/2007 07:38,34
Chicobot,Bon_Albert_Briois_de_Beaumetz,28/04/2007 07:39,34
Chicobot,Certificat_de_civisme,28/04/2007 07:40,34
Chicobot,Charles_Antoine_Chasset,28/04/2007 07:50,34
Chicobot,Ci-devant,28/04/2007 07:57,34
Chicobot,Citoyen_actif,28/04/2007 07:57,34
Chicobot,Club_de_Salm,28/04/2007 08:02,34
Chicobot,Club_des_Impartiaux,28/04/2007 08:02,34
Chicobot,Comité_d'instruction_publique,28/04/2007 08:03,34
Chicobot,Complot_de_Charenton,28/04/2007 08:05,34
Chicobot,Complot_de_l'Œillet,28/04/2007 08:05,34
Chicobot,Complot_révolutionnaire_nantais_contre_les_modérés,28/04/2007 08:05,34
Chicobot,Conseil_exécutif_(Révolution_française),28/04/2007 08:06,34
Chicobot,Conspiration_de_Bicêtre,28/04/2007 08:06,34
Chicobot,Coup_d'État_du_18_fructidor_an_V,28/04/2007 08:07,34
Chicobot,Club_de_1789,28/04/2007 10:33,34
Chicobot,Achille_Libéral_Treilhard,29/04/2007 10:38,34
Chicobot,Benjamin_Zix,29/04/2007 10:41,34
Chicobot,Camille_Borghèse,29/04/2007 10:41,34
62.63.80.22,Conseil_exécutif_(Révolution_française),17/06/2007 09:00,34
Robbot,Bonnet_phrygien,18/09/2007 12:52,34
Polmars,Club_de_1789,08/11/2007 07:12,34
Pontarlier,Coup_d'État_du_18_fructidor_an_V,04/01/2008 02:52,34
Kirtap,Carle_Vernet,29/05/2008 12:56,34
-Strogoff-,Bataille_de_Cholet,17/06/2008 08:51,34
-Strogoff-,Bonnet_phrygien,22/06/2008 01:15,34
193.251.184.88,Adoption_par_Louis_XVI_de_la_cocarde_tricolore,02/06/2006 07:47,33
83.254.153.135,Alexandre_François_Marie_de_Beauharnais,18/12/2006 03:43,33
86.198.223.234,Chouans_!,21/08/2007 06:17,33
Le Pied-bot,Citoyen_actif,08/11/2007 04:23,33
Le Pied-bot,Conseil_exécutif_(Révolution_française),08/11/2007 04:24,33
Le Pied-bot,Baiser_Lamourette,08/11/2007 06:08,33
Fredbo28,13e_régiment_de_hussards,11/12/2007 08:30,33
Kirtap,Conspiration_des_poignards,10/03/2008 03:01,33
Kirtap,Comité_d'instruction_publique,28/05/2008 01:52,33
Ga-massoni,12e_régiment_de_hussards,13/07/2008 04:47,33
Vargenau,Adoption_par_Louis_XVI_de_la_cocarde_tricolore,27/01/2006 03:42,32
Alexandrin,Affaire_Réveillon,15/11/2006 02:41,32
Kirtap,Benjamin_Zix,15/02/2007 10:52,32
Keriluamox,Corps_législatif_(Consulat_et_Premier_Empire),25/02/2007 10:10,32
Symposiarch,Alexandre_François_Marie_de_Beauharnais,18/10/2007 08:55,32
201.2.254.194,Alexandre_François_Marie_de_Beauharnais,30/10/2007 01:27,32
Polmars,Club_des_Impartiaux,08/11/2007 07:08,32
Scoubidou75,Carle_Vernet,08/11/2007 10:00,32
DumZiBoT,Complot_révolutionnaire_nantais_contre_les_modérés,30/01/2008 03:41,32
Serein,Augustin-Jean-Charles_Clément,07/04/2008 07:31,32
JAnDbot,Alexandre_François_Marie_de_Beauharnais,06/05/2008 08:31,32
-Strogoff-,Achille_Libéral_Treilhard,15/06/2008 03:41,32
Albambot,Alexandre_François_Marie_de_Beauharnais,17/06/2008 09:26,32
David Berardan,Comité_d'instruction_publique,02/11/2005 12:57,31
Rocastelo,Alexandre_François_Marie_de_Beauharnais,20/11/2005 09:16,31
Fredbo28,1er_régiment_de_dragons,30/05/2006 04:57,31
GillesC,Citoyen_actif,30/06/2006 10:03,31
NicoV,Conseil_exécutif_(Révolution_française),01/03/2007 07:08,31
NicoV,Complot_de_Charenton,17/12/2007 09:02,31
Alecs.bot,12e_régiment_de_hussards,02/04/2008 02:27,31
Serein,Augustin-Jean-Charles_Clément,07/04/2008 07:20,31
Nicod,Augustin-Jean-Charles_Clément,19/05/2008 09:47,31
Pautard,Club_de_1789,25/02/2006 08:28,30
Sahara,Contributions_directes,30/07/2006 07:49,30
Ollamh,André_Joseph_Abrial,21/11/2006 11:12,30
Fredbo28,13e_régiment_de_hussards,14/06/2007 07:24,30
Jhc,Certificat_de_civisme,05/12/2007 02:49,30
Arnaud.Serander,1er_régiment_de_dragons,07/01/2008 10:18,30
Hercule,Achille_Libéral_Treilhard,03/02/2008 09:58,30
Kirtap,Conspiration_des_poignards,05/03/2008 09:28,30
82.251.123.34,Bonnet_phrygien,25/04/2008 09:40,30
-Strogoff-,Corps_législatif_(Consulat_et_Premier_Empire),13/06/2008 12:37,30
Lykos,Antoine_Banassat,13/07/2008 08:07,30
Clm03,Alexandre_François_Marie_de_Beauharnais,17/04/2005 09:58,29
Aboumael,Camille_Borghèse,10/06/2005 01:26,29
Attis,Achille_Libéral_Treilhard,26/09/2006 09:13,29
GillesC,Adoption_par_Louis_XVI_de_la_cocarde_tricolore,04/12/2006 09:33,29
Chicobot,Bataille_de_Cholet,28/04/2007 07:34,29
Chicobot,Corps_législatif_(Consulat_et_Premier_Empire),29/04/2007 03:39,29
Massoni,13e_régiment_de_hussards,15/09/2007 02:52,29
Scoubidou75,Carle_Vernet,02/11/2007 04:23,29
Ga-massoni,12e_régiment_de_hussards,30/12/2007 08:22,29
Zetud,Camille_Borghèse,16/06/2008 09:25,29
Kilom691,Carle_Vernet,05/11/2006 07:38,28
Symposiarch,Alexandre_François_Marie_de_Beauharnais,30/05/2007 08:38,28
Attis,Complot_révolutionnaire_nantais_contre_les_modérés,31/05/2007 03:08,28
151.73.120.100,André_Joseph_Abrial,09/06/2007 04:01,28
Furmeyer,Bataille_de_Cholet,10/09/2007 04:50,28
Attis,Affaire_du_camp_de_Grenelle,23/10/2007 11:43,28
Scoubidou75,Carle_Vernet,02/11/2007 04:25,28
Pautard,Club_de_1789,25/02/2006 08:19,27
Pautard,Club_de_1789,25/02/2006 08:21,27
Serein,1er_régiment_de_dragons,20/05/2006 08:07,27
Khaerr,Bataille_de_Cholet,22/01/2007 04:03,27
Khaerr,Bataille_de_Cholet,06/02/2007 10:25,27
Attis,Complot_révolutionnaire_nantais_contre_les_modérés,01/06/2007 11:40,27
AlleborgoBot,Bataille_de_Cholet,18/09/2007 12:43,27
Polmars,Club_des_Impartiaux,17/02/2008 10:57,27
62.203.140.192,Bonnet_phrygien,24/04/2008 06:19,27
Eglantine5,Complot_de_l'Œillet,14/07/2006 10:44,26
Kirtap,Carle_Vernet,06/09/2006 06:40,26
Pedro Lassouras,Club_de_1789,04/03/2007 03:25,26
Polaert,Coup_d'État_du_18_fructidor_an_V,25/03/2007 01:27,26
Loveless,Bonnet_phrygien,06/05/2007 02:17,26
Fredbo28,10e_régiment_de_hussards,14/06/2007 07:23,26
91.164.76.158,Carle_Vernet,31/07/2007 08:54,26
StefBot,Carle_Vernet,29/02/2008 03:49,26
Badmood,Alexandre_François_Marie_de_Beauharnais,01/04/2008 09:07,26
Alecs.bot,Accapareurs,03/04/2008 04:10,26
Badmood,Loi_du_28_pluviôse_an_VIII,04/04/2008 05:44,26
Nicod,Comité_ecclésiastique,26/05/2008 09:41,26
Pautard,Club_de_1789,25/02/2006 08:30,25
Urban,Conseil_exécutif_(Révolution_française),27/09/2006 07:45,25
86.198.223.234,Chouans_!,21/08/2007 06:18,25
Stéphane33,Charles_Antoine_Chasset,08/12/2007 09:17,25
-Strogoff-,Club_de_Salm,02/06/2008 05:49,25
PierreEG,Charles_Antoine_Chasset,25/06/2008 11:33,25
Med,Bonnet_phrygien,29/10/2004 11:06,24
Richelieu,Adoption_par_Louis_XVI_de_la_cocarde_tricolore,28/08/2005 04:00,24
Poildoiseau,Complot_de_Charenton,06/01/2006 05:37,24
Pautard,Club_de_1789,26/02/2006 09:19,24
Romary,Conseil_exécutif_(Révolution_française),15/04/2006 08:42,24
Romary,Certificat_de_civisme,16/04/2006 09:36,24
193.251.184.88,Adoption_par_Louis_XVI_de_la_cocarde_tricolore,02/06/2006 07:42,24
Liquid-aim-bot,Citoyen_actif,28/06/2006 10:26,24
GillesC,Achille_Libéral_Treilhard,25/09/2006 08:35,24
86.212.130.153,Caroline_chérie_(1951),26/10/2006 02:48,24
Nico86,Coup_d'État_du_18_fructidor_an_V,12/11/2006 09:42,24
Encolpe,Adoption_par_Louis_XVI_de_la_cocarde_tricolore,10/12/2006 10:46,24
Brozouf,Bataille_de_Cholet,10/01/2007 10:08,24
Archeos,Bataille_de_Cholet,23/01/2007 04:55,24
Louperibot,Bonnet_phrygien,25/05/2007 04:17,24
Erabot,Bon_Albert_Briois_de_Beaumetz,05/08/2007 10:15,24
Serein,10e_régiment_de_hussards,15/09/2007 10:07,24
Massoni,11e_régiment_de_hussards_(France),15/09/2007 10:12,24
Massoni,10e_régiment_de_hussards,30/09/2007 02:13,24
SieBot,Camille_Borghèse,07/10/2007 05:02,24
JoseREMY,Armée_de_l'Ouest,21/12/2007 12:30,24
Fredbo28,13e_régiment_de_hussards,31/12/2007 11:37,24
Badmood,Caroline_chérie_(1951),01/04/2008 01:23,24
Badmood,Bataille_de_Cholet,01/04/2008 06:05,24
Badmood,Armée_de_l'Ouest,02/04/2008 07:46,24
Badmood,Bonnet_phrygien,03/04/2008 10:28,24
Ptbotgourou,Carle_Vernet,23/05/2008 09:46,24
GillesC,Cocarde_tricolore,18/07/2008 04:35,24
Jotun,Coup_d'État_du_18_fructidor_an_V,19/07/2008 10:03,24
GillesC,Bataille_de_Cholet,04/01/2006 09:24,23
PieRRoMaN,Citoyen_actif,09/01/2006 12:29,23
Pautard,Club_de_1789,25/02/2006 08:32,23
Pautard,Club_de_1789,25/02/2006 08:39,23
Escarbot,Bonnet_phrygien,10/12/2006 07:10,23
Nono le petit robot,Bonnet_phrygien,13/04/2007 01:55,23
RobotQuistnix,Bonnet_phrygien,30/04/2007 01:11,23
Erabot,Bonnet_phrygien,05/08/2007 10:16,23
Massoni,1er_régiment_de_dragons,30/09/2007 01:45,23
Alecs.bot,Affaire_de_Nancy,02/04/2008 07:41,23
-Strogoff-,Corps_législatif_(Consulat_et_Premier_Empire),16/06/2008 06:19,23
Koyuki,Bon_Albert_Briois_de_Beaumetz,17/05/2006 08:45,22
193.251.184.88,Adoption_par_Louis_XVI_de_la_cocarde_tricolore,02/06/2006 07:44,22
Itzcoalt,Complot_de_l'Œillet,20/07/2006 06:48,22
Itzcoalt,Complot_révolutionnaire_nantais_contre_les_modérés,20/07/2006 06:49,22
RobotQuistnix,Bien_national,25/03/2007 10:56,22
Catalysebot,Bataille_de_Cholet,23/06/2007 07:52,22
Eusebius,Affaire_de_Nancy,04/09/2007 10:56,22
GillesC,11e_régiment_de_hussards_(France),27/09/2007 08:31,22
GillesC,Carle_Vernet,27/09/2007 08:32,22
MMBot,André_Joseph_Abrial,10/10/2007 04:14,22
Attis,Affaire_du_camp_de_Grenelle,11/11/2007 12:32,22
Vervin,Chouans_!,06/02/2008 08:11,22
WikiCleanerBot,André_Joseph_Abrial,21/02/2008 06:33,22
Cham,Ci-devant,15/12/2004 07:59,21
Piotr Ilitch Tchaïkovski,Carle_Vernet,17/07/2006 09:07,21
82.127.252.53,Contributions_directes,18/08/2007 04:03,21
Massoni,13e_régiment_de_hussards,15/09/2007 08:07,21
Sherbrooke,Bonnet_phrygien,01/10/2007 04:36,21
Polmars,Club_de_1789,17/02/2008 12:12,21
RobotQuistnix,Bonnet_phrygien,10/12/2005 02:00,20
Pautard,Club_de_1789,25/02/2006 08:26,20
David Berardan,Cocarde_tricolore,03/05/2006 12:24,20
193.251.184.88,Adoption_par_Louis_XVI_de_la_cocarde_tricolore,02/06/2006 07:45,20
Éclusette,Caroline_chérie_(1951),28/02/2007 02:53,20
Philip,Bataille_de_Cholet,28/03/2007 01:33,20
Scoubidou75,Carle_Vernet,04/11/2007 06:26,20
Peng,Benjamin_Zix,13/11/2007 04:36,20
RobotQuistnix,Bonnet_phrygien,28/12/2007 07:41,20
GillesC,11e_régiment_de_hussards_(France),31/01/2008 05:54,20
GillesC,12e_régiment_de_hussards,31/01/2008 05:55,20
GillesC,Carle_Vernet,31/01/2008 05:58,20
PierreEG,Antoine_François_Péré,30/06/2008 08:00,20
Siren,Bien_national,23/04/2005 07:16,19
Romary,Affaire_Réveillon,18/05/2006 07:54,19
Spooky,1er_régiment_de_dragons,11/09/2006 01:27,19
Cqui,Contributions_directes,15/12/2006 06:13,19
Brozouf,Bataille_de_Cholet,11/01/2007 06:31,19
Chicobot,Caroline_chérie_(1951),06/04/2007 06:43,19
SieBot,Bonnet_phrygien,06/07/2007 03:48,19
Musso,Coup_d'État_du_18_fructidor_an_V,23/07/2007 09:47,19
Zorrobot,Bonnet_phrygien,11/11/2007 08:36,19
Orbi Fontes,Coup_d'État_du_18_fructidor_an_V,01/12/2007 08:00,19
Ga-massoni,13e_régiment_de_hussards,30/12/2007 01:06,19
GillesC,Armée_de_l'Ouest,17/01/2008 02:40,19
Serein,Comité_ecclésiastique,06/04/2008 08:05,19
Arsene lapin,Conspiration_des_poignards,15/04/2008 09:12,19
Attis,Affaire_du_camp_de_Grenelle,12/06/2008 07:03,19
Hashar,Bon_Albert_Briois_de_Beaumetz,22/01/2006 03:20,18
FlaBot,Ci-devant,04/07/2006 01:59,18
PoM,Contributions_directes,06/08/2006 07:24,18
GillesC,1er_régiment_de_dragons,12/09/2006 11:30,18
TiChou,Bataille_de_Cholet,26/07/2007 10:19,18
Massoni,10e_régiment_de_hussards,30/09/2007 02:14,18
Duch,Complot_révolutionnaire_nantais_contre_les_modérés,25/10/2007 05:34,18
Scoubidou75,Carle_Vernet,08/11/2007 10:01,18
Ir4ubot,Conspiration_de_Bicêtre,31/05/2008 01:05,18
Ske,Bonnet_phrygien,19/10/2004 12:12,17
Jef-Infojef,Adoption_par_Louis_XVI_de_la_cocarde_tricolore,18/06/2005 05:48,17
Richelieu,Complot_révolutionnaire_nantais_contre_les_modérés,02/10/2005 02:36,17
85.201.108.245,Complot_révolutionnaire_nantais_contre_les_modérés,13/11/2005 11:05,17
Brozouf,Blancs_(Révolution_française),02/02/2006 08:11,17
Pautard,Club_de_1789,25/02/2006 08:24,17
Hashar,André_Joseph_Abrial,21/05/2006 12:24,17
Tibauk,Cocarde_tricolore,26/06/2006 10:04,17
Sand,Bonnet_phrygien,23/11/2006 09:45,17
DodekBot,Ci-devant,27/02/2007 02:32,17
Chicobot,Caroline_chérie_(1951),01/03/2007 10:25,17
Ollamh,Benjamin_Zix,02/10/2007 12:24,17
Attis,Affaire_du_camp_de_Grenelle,23/10/2007 11:45,17
Kirtap,Conspiration_des_poignards,05/03/2008 09:29,17
Odoacre,Camille_Borghèse,07/03/2008 02:26,17
62.203.140.192,Bonnet_phrygien,24/04/2008 06:26,17
Serein,Augustin-Jean-Charles_Clément,22/05/2008 10:50,17
-Strogoff-,Baiser_Lamourette,04/06/2008 06:39,17
-Strogoff-,Adoption_par_Louis_XVI_de_la_cocarde_tricolore,04/06/2008 06:44,17
Louis-garden,Camille_Borghèse,09/06/2008 03:00,17
-Strogoff-,Affaire_de_Nancy,11/06/2008 04:47,17
-Strogoff-,Appel_nominal,11/06/2008 05:00,17
-Strogoff-,Complot_de_Charenton,11/06/2008 06:25,17
-Strogoff-,Complot_révolutionnaire_nantais_contre_les_modérés,11/06/2008 06:26,17
-Strogoff-,Charles_Antoine_Chasset,15/06/2008 06:52,17
PierreEG,Complot_de_l'Œillet,18/06/2008 07:10,17
PierreEG,Conseil_exécutif_(Révolution_française),18/06/2008 07:14,17
PierreEG,Conspiration_de_Bicêtre,18/06/2008 07:14,17
-Strogoff-,Carle_Vernet,04/07/2008 09:03,17
Brozouf,Alexandre_François_Marie_de_Beauharnais,21/01/2006 09:42,16
193.251.184.88,Adoption_par_Louis_XVI_de_la_cocarde_tricolore,02/06/2006 07:41,16
Papier K,Armée_de_l'Ouest,07/09/2006 08:58,16
Sand,Bonnet_phrygien,25/11/2006 02:39,16
Rei-bot,Bonnet_phrygien,29/12/2006 10:16,16
Idioma-bot,Bonnet_phrygien,10/02/2007 03:53,16
Orthodingue,Affaire_de_Nancy,04/09/2007 10:35,16
Sammyday,Camille_Borghèse,10/01/2008 04:42,16
Attis,Achille_Libéral_Treilhard,15/01/2008 03:03,16
Shaddam 5,Benjamin_Zix,17/01/2008 08:48,16
Shaddam 5,Camille_Borghèse,17/01/2008 08:58,16
DumZiBoT,Citoyen_actif,10/02/2008 03:45,16
StefBot,Caroline_chérie_(1951),24/02/2008 08:44,16
Nicod,Comité_ecclésiastique,26/05/2008 10:38,16
Ir4ubot,Complot_révolutionnaire_nantais_contre_les_modérés,31/05/2008 12:52,16
Ir4ubot,Armée_de_l'Ouest,01/06/2008 02:14,16
-Strogoff-,Affaire_Réveillon,11/06/2008 06:45,16
Kelson,Bonnet_phrygien,25/12/2004 09:32,15
Spooky,Camille_Borghèse,06/09/2005 11:18,15
83.199.180.201,Affaire_Réveillon,23/12/2005 04:35,15
Attis,Antoine_Banassat,18/03/2008 12:33,15
Jaucourt,Bataille_de_Cholet,20/06/2008 10:24,15
Popolon,Affaire_Réveillon,19/12/2005 11:21,14
Mwarf,Coup_d'État_du_18_fructidor_an_V,04/02/2006 05:01,14
Félo,Alexandre_François_Marie_de_Beauharnais,03/07/2006 08:21,14
Sylvain Mielot,1er_régiment_de_dragons,09/07/2006 04:12,14
Parisette,Coup_d'État_du_18_fructidor_an_V,04/01/2007 04:30,14
Pedro Lassouras,André_Joseph_Abrial,04/03/2007 03:34,14
Ga-massoni,10e_régiment_de_hussards,30/12/2007 08:17,14
Nicod,Comité_ecclésiastique,27/05/2008 03:21,14
Stanlekub,Adoption_par_Louis_XVI_de_la_cocarde_tricolore,07/08/2005 08:18,13
81.65.169.145,Complot_de_l'Œillet,29/12/2005 07:28,13
81.65.169.145,Complot_de_l'Œillet,29/12/2005 07:30,13
Pedro Lassouras,Conspiration_de_Bicêtre,10/05/2006 10:22,13
Jerome66,Club_des_Impartiaux,14/07/2006 01:58,13
GillesC,Citoyen_actif,29/08/2006 08:18,13
83.203.246.209,Complot_de_l'Œillet,19/10/2006 09:24,13
Chicobot,Caroline_chérie_(1951),22/03/2007 10:30,13
Fredbo28,10e_régiment_de_hussards,20/08/2007 08:28,13
Venividi,1er_régiment_de_dragons,25/09/2007 06:49,13
Massoni,1er_régiment_de_dragons,01/10/2007 09:59,13
Ga-massoni,10e_régiment_de_hussards,30/12/2007 08:15,13
Badmood,Charles_Antoine_Chasset,21/04/2008 02:30,13
Mro,Bien_national,24/05/2008 11:09,13
-Strogoff-,Cocarde_tricolore,22/06/2008 06:04,13
-Strogoff-,Accapareurs,22/06/2008 06:09,13
-Strogoff-,Blancs_(Révolution_française),22/06/2008 06:14,13
Paternel 1,Carle_Vernet,31/10/2006 01:32,12
Liquid-aim-bot,Accapareurs,22/02/2007 12:25,12
Alexandrin,Affaire_Réveillon,20/05/2007 05:14,12
Massoni,1er_régiment_de_dragons,30/09/2007 01:48,12
Massoni,1er_régiment_de_dragons,30/09/2007 01:59,12
Attis,Conspiration_des_poignards,12/03/2008 10:30,12
82.124.95.71,Bonnet_phrygien,15/04/2008 06:31,12
GillesC,Bataille_de_Cholet,04/01/2006 09:25,11
86.198.223.96,Chouans_!,05/09/2007 01:31,11
Attis,Affaire_du_camp_de_Grenelle,11/11/2007 12:35,11
WikiCleanerBot,Citoyen_actif,10/02/2008 11:34,11
-Strogoff-,Bonnet_phrygien,22/06/2008 01:15,11
-Strogoff-,Citoyen_actif,22/06/2008 06:18,11
MelancholieBot,Bonnet_phrygien,19/07/2008 07:47,11
Brozouf,Alexandre_François_Marie_de_Beauharnais,21/01/2006 09:58,10
La Cigale,André_Joseph_Abrial,13/04/2006 06:20,10
87.91.108.11,Caroline_chérie_(1951),27/10/2006 06:32,10
Cqui,Contributions_directes,13/12/2006 10:48,10
Keriluamox,Corps_législatif_(Consulat_et_Premier_Empire),01/01/2007 10:10,10
Archeos,Bonnet_phrygien,12/01/2007 10:45,10
GillesC,Achille_Libéral_Treilhard,12/02/2007 09:56,10
Pedro Lassouras,Club_des_Impartiaux,08/03/2007 10:28,10
Babskwal M,Affaire_Réveillon,09/03/2007 09:31,10
86.198.223.234,Chouans_!,21/08/2007 06:17,10
Godix,Charles_Antoine_Chasset,25/11/2007 02:52,10
DumZiBoT,Armée_de_l'Ouest,14/02/2008 09:45,10
Tieno,Ci-devant,03/09/2005 05:34,9
Phe,Affaire_Réveillon,22/01/2006 12:01,9
Loveless,Alexandre_François_Marie_de_Beauharnais,22/04/2006 09:56,9
Loveless,Camille_Borghèse,22/04/2006 10:10,9
Loveless,André_Joseph_Abrial,23/04/2006 11:02,9
EDUCA33E,Blancs_(Révolution_française),23/04/2006 12:12,9
Samsa,1er_régiment_de_dragons,02/02/2007 12:38,9
Chicobot,Caroline_chérie_(1951),10/04/2007 08:12,9
Jaucourt,Carle_Vernet,27/05/2007 03:34,9
Meodudlye,Affaire_de_Nancy,14/07/2007 05:11,9
Fredbo28,Alexandre_François_Marie_de_Beauharnais,07/08/2007 05:00,9
86.198.223.96,Chouans_!,05/09/2007 01:32,9
Massoni,1er_régiment_de_dragons,01/10/2007 09:59,9
Louperibot,Bonnet_phrygien,20/10/2007 01:03,9
Nicod,Augustin-Jean-Charles_Clément,06/04/2008 08:57,9
Zetud,Armée_de_l'Ouest,10/06/2008 09:17,9
HerculeBot,Benjamin_Zix,20/06/2008 06:58,9
Félo,Alexandre_François_Marie_de_Beauharnais,10/07/2006 09:24,8
86.220.160.205,1er_régiment_de_dragons,20/08/2006 04:49,8
MyBot,Caroline_chérie_(1951),13/01/2007 09:13,8
Markus3,1er_régiment_de_dragons,28/01/2007 09:49,8
86.198.223.234,Chouans_!,21/08/2007 06:17,8
KelBot,13e_régiment_de_hussards,15/09/2007 06:27,8
Aladin34,Chouans_!,27/02/2008 02:47,8
Attis,Conspiration_des_poignards,11/03/2008 04:03,8
Épiméthée,11e_régiment_de_hussards_(France),09/07/2008 05:56,8
80.12.121.197,12e_régiment_de_hussards,14/07/2008 06:40,8
Richelieu,Coup_d'État_du_30_prairial_an_VII_(18_juin_1799),07/10/2005 02:25,7
Richelieu,Complot_de_l'Œillet,13/10/2005 01:06,7
209.130.195.126,Accapareurs,27/12/2006 09:07,7
PieRRoBoT,Bataille_de_Cholet,05/03/2007 12:14,7
Manchot,Carle_Vernet,30/03/2007 10:49,7
83.145.66.178,Affaire_Réveillon,18/12/2007 09:51,7
Loveless,Benjamin_Zix,15/02/2008 05:11,7
FoeNyx,Ci-devant,01/02/2005 11:05,6
MedBot,Coup_d'État_du_18_fructidor_an_V,17/12/2005 07:40,6
Brozouf,Alexandre_François_Marie_de_Beauharnais,21/01/2006 09:43,6
Escarbot,Affaire_Réveillon,10/12/2006 07:14,6
Zelda,Accapareurs,19/02/2007 08:55,6
Ollamh,Bonnet_phrygien,04/08/2007 09:55,6
Khaerr,Bataille_de_Cholet,09/08/2007 06:12,6
Massoni,1er_régiment_de_dragons,30/09/2007 01:50,6
Scoubidou75,Carle_Vernet,04/11/2007 06:20,6
Orbi Fontes,Coup_d'État_du_18_fructidor_an_V,01/12/2007 07:54,6
Nicod,Augustin-Jean-Charles_Clément,18/05/2008 12:17,6
Zetud,Complot_révolutionnaire_nantais_contre_les_modérés,10/06/2008 09:19,6
Kelson,Coup_d'État_du_18_fructidor_an_V,28/12/2005 07:45,5
81.65.169.145,Complot_de_l'Œillet,29/12/2005 07:35,5
Manalfer,Coup_d'État_du_18_fructidor_an_V,18/01/2006 02:55,5
Piku,Citoyen_actif,14/02/2006 09:39,5
Chicobot,Caroline_chérie_(1951),30/05/2007 11:21,5
Huster,Affaire_de_Nancy,09/08/2007 03:35,5
MMBot,11e_régiment_de_hussards_(France),24/09/2007 06:31,5
Zetud,Conspiration_de_Bicêtre,10/06/2008 09:20,5
Ir4ubot,Armée_de_l'Ouest,08/07/2008 09:01,5
Ir4ubot,Complot_révolutionnaire_nantais_contre_les_modérés,10/07/2008 08:32,5
Ir4ubot,Conspiration_de_Bicêtre,10/07/2008 08:37,5
90.22.102.140,Corps_législatif_(Consulat_et_Premier_Empire),21/07/2008 08:07,5
Sam Hocevar,Bonnet_phrygien,28/11/2004 02:42,4
Durandal,Bonnet_phrygien,29/01/2005 07:36,4
Jyp,Bien_national,23/04/2005 08:18,4
Vicomte Moniot,Cocarde_tricolore,02/02/2006 05:09,4
Félo,Alexandre_François_Marie_de_Beauharnais,10/07/2006 09:23,4
86.220.143.234,1er_régiment_de_dragons,18/08/2006 05:39,4
86.220.160.205,1er_régiment_de_dragons,20/08/2006 04:50,4
86.220.160.205,1er_régiment_de_dragons,20/08/2006 04:51,4
Attis,Achille_Libéral_Treilhard,24/09/2006 04:56,4
90.3.198.103,Caroline_chérie_(1951),25/10/2006 08:47,4
Nico86,Coup_d'État_du_18_fructidor_an_V,12/11/2006 09:48,4
195.221.62.136,Bataille_de_Cholet,21/12/2006 03:26,4
Escarbot,André_Joseph_Abrial,04/01/2007 09:43,4
Pgreenfinch,Accapareurs,02/02/2007 08:24,4
Gene.arboit,Bonnet_phrygien,12/06/2007 02:19,4
Nanceio,Affaire_de_Nancy,14/07/2007 08:22,4
Massoni,10e_régiment_de_hussards,15/09/2007 10:06,4
Massoni,1er_régiment_de_dragons,30/09/2007 01:53,4
Massoni,1er_régiment_de_dragons,30/09/2007 01:55,4
Ga-massoni,11e_régiment_de_hussards_(France),24/11/2007 03:52,4
Colombia,Alexandre_François_Marie_de_Beauharnais,02/03/2008 04:22,4
Sammyday,Conspiration_des_poignards,11/03/2008 09:35,4
Sammyday,Conspiration_des_poignards,12/03/2008 09:46,4
Nicod,Augustin-Jean-Charles_Clément,14/05/2008 09:51,4
Clémentsf,1er_régiment_de_dragons,16/06/2008 06:47,4
Chaoborus,Armée_de_l'Ouest,22/06/2008 11:08,4
343KKT Kintaro,Bonnet_phrygien,04/07/2008 09:19,4
Ga-massoni,12e_régiment_de_hussards,13/07/2008 05:07,4
Dr gonzo,Caroline_chérie_(1951),24/09/2005 12:38,3
Richelieu,Coup_d'État_du_30_prairial_an_VII_(18_juin_1799),07/10/2005 02:26,3
EDUCA33E,Contributions_directes,15/03/2006 03:46,3
PieRRoBoT,Camille_Borghèse,24/04/2006 05:15,3
YurikBot,Alexandre_François_Marie_de_Beauharnais,12/06/2006 11:14,3
Félo,Alexandre_François_Marie_de_Beauharnais,10/07/2006 09:26,3
Kyle the bot,Auguste_Marie_Raymond_d'Arenberg,14/10/2006 11:45,3
Quasar-Hfo4,Alexandre_François_Marie_de_Beauharnais,07/08/2007 04:31,3
Massoni,13e_régiment_de_hussards,15/09/2007 08:08,3
Massoni,10e_régiment_de_hussards,15/09/2007 10:03,3
RD47,1er_régiment_de_dragons,11/11/2007 12:05,3
90.12.52.247,Bien_national,18/11/2007 09:32,3
Godix,Charles_Antoine_Chasset,25/11/2007 02:52,3
DumZiBoT,André_Joseph_Abrial,13/02/2008 05:37,3
-Strogoff-,Antoine_Alexandre_Hanicque,20/06/2008 10:17,3
Lmaltier,Bonnet_phrygien,21/06/2005 08:31,2
Richelieu,Alexandre_François_Marie_de_Beauharnais,04/10/2005 12:39,2
Tython,Caroline_chérie_(1951),05/01/2006 10:22,2
Phe,Affaire_Réveillon,13/01/2006 10:20,2
Probot,Bon_Albert_Briois_de_Beaumetz,25/01/2006 09:15,2
82.124.29.133,André_Joseph_Abrial,28/01/2006 03:40,2
Tensai,André_Joseph_Abrial,14/02/2006 07:04,2
Phe,Alexandre_François_Marie_de_Beauharnais,14/02/2006 11:45,2
Bruno Danielzik,Alexandre_François_Marie_de_Beauharnais,25/02/2006 01:05,2
EDUCA33E,Complot_révolutionnaire_nantais_contre_les_modérés,11/04/2006 12:20,2
Alexandrin,Club_de_1789,23/04/2006 08:27,2
Papydenis,Bonnet_phrygien,01/05/2006 12:33,2
Jerome66,Complot_de_l'Œillet,16/05/2006 08:42,2
Imz,Cocarde_tricolore,10/06/2006 02:06,2
Jpm2112,Camille_Borghèse,27/06/2006 05:37,2
Leag,Conspiration_de_Bicêtre,31/08/2006 10:42,2
Piotr Ilitch Tchaïkovski,Carle_Vernet,06/09/2006 10:16,2
82.64.68.136,1er_régiment_de_dragons,21/09/2006 03:18,2
Baronnet,Alexandre_François_Marie_de_Beauharnais,23/10/2006 08:16,2
86.212.130.153,Caroline_chérie_(1951),26/10/2006 02:49,2
Romanc19s,Complot_révolutionnaire_nantais_contre_les_modérés,26/10/2006 05:46,2
Sbi,Comité_d'instruction_publique,04/12/2006 05:13,2
Cqui,Contributions_directes,13/12/2006 10:47,2
Romanc19s,Conspiration_de_Bicêtre,14/12/2006 07:23,2
195.221.62.136,Bataille_de_Cholet,21/12/2006 03:27,2
Escarbot,Accapareurs,11/02/2007 03:06,2
83.204.247.8,Certificat_de_civisme,24/03/2007 03:51,2
Quasar-Hfo4,Alexandre_François_Marie_de_Beauharnais,07/08/2007 04:31,2
83.252.93.33,Coup_d'État_du_18_fructidor_an_V,27/08/2007 08:04,2
Orthodingue,Affaire_de_Nancy,04/09/2007 01:47,2
Furmeyer,Bataille_de_Cholet,11/09/2007 10:33,2
MMBot,10e_régiment_de_hussards,24/09/2007 03:59,2
MMBot,Affaire_Réveillon,30/09/2007 08:26,2
Attis,Affaire_du_camp_de_Grenelle,23/10/2007 11:44,2
83.177.247.37,Loi_du_28_pluviôse_an_VIII,04/11/2007 11:29,2
Scoubidou75,Carle_Vernet,08/11/2007 10:26,2
DumZiBoT,Accapareurs,03/02/2008 08:24,2
DumZiBoT,10e_régiment_de_hussards,04/02/2008 08:15,2
DumZiBoT,12e_régiment_de_hussards,04/02/2008 08:15,2
DumZiBoT,13e_régiment_de_hussards,04/02/2008 08:15,2
DumZiBoT,11e_régiment_de_hussards_(France),04/02/2008 08:16,2
DumZiBoT,Affaire_de_Nancy,05/02/2008 11:19,2
DumZiBoT,Ci-devant,08/02/2008 10:42,2
DumZiBoT,Bien_national,10/02/2008 12:31,2
DumZiBoT,Affaire_Réveillon,12/02/2008 02:52,2
DumZiBoT,Contributions_directes,12/02/2008 07:14,2
DumZiBoT,Certificat_de_civisme,12/02/2008 08:57,2
Serein,Comité_ecclésiastique,06/04/2008 08:04,2
Zetud,Complot_de_l'Œillet,10/06/2008 09:29,2
85.201.108.245,Complot_révolutionnaire_nantais_contre_les_modérés,13/11/2005 11:05,1
82.124.29.133,André_Joseph_Abrial,28/01/2006 03:44,1
82.124.29.133,André_Joseph_Abrial,28/01/2006 03:44,1
194.158.98.36,Conseil_exécutif_(Révolution_française),22/02/2006 10:36,1
Fredbo28,1er_régiment_de_dragons,03/07/2006 09:37,1
Badmood,Baiser_Lamourette,25/09/2006 03:01,1
86.212.193.123,Caroline_chérie_(1951),26/10/2006 01:49,1
86.212.193.123,Caroline_chérie_(1951),26/10/2006 01:49,1
Brozouf,Alexandre_François_Marie_de_Beauharnais,05/11/2006 02:09,1
Zawer,Complot_révolutionnaire_nantais_contre_les_modérés,14/02/2007 01:05,1
MMBot,12e_régiment_de_hussards,24/09/2007 09:15,1
MMBot,13e_régiment_de_hussards,24/09/2007 11:44,1
Alain Schneider,Alexandre_François_Marie_de_Beauharnais,28/09/2007 08:58,1
MMBot,Adoption_par_Louis_XVI_de_la_cocarde_tricolore,30/09/2007 06:50,1
Ga-massoni,12e_régiment_de_hussards,02/12/2007 09:21,1
Fredbo28,1er_régiment_de_dragons,09/12/2007 11:55,1
Le Pied-bot,Alexandre_François_Marie_de_Beauharnais,22/12/2007 11:02,1
Jaucourt,Coup_d'État_du_18_fructidor_an_V,05/01/2008 05:58,1
Kilom691,Benjamin_Zix,27/01/2008 01:30,1
Badmood,Alexandre_François_Marie_de_Beauharnais,01/03/2008 10:44,1
80.143.100.193,Complot_de_l'Œillet,10/03/2008 05:43,1
Stéphane33,Comité_d'instruction_publique,04/04/2008 12:03,1
Dinkley,Cocarde_tricolore,10/07/2008 06:31,1
Neuceu,Adoption_par_Louis_XVI_de_la_cocarde_tricolore,31/08/2005 01:29,0
Vargenau,Complot_révolutionnaire_nantais_contre_les_modérés,06/10/2005 09:03,0
Poppy,Coup_d'État_du_30_prairial_an_VII_(18_juin_1799),07/10/2005 03:19,0
Hégésippe Cormier,Coup_d'État_du_18_fructidor_an_V,09/10/2005 06:02,0
Ayin,Coup_d'État_du_30_prairial_an_VII_(18_juin_1799),10/12/2005 05:15,0
ZeroJanvier,Caroline_chérie_(1951),21/01/2006 03:03,0
Vargenau,Complot_de_l'Œillet,29/01/2006 07:17,0
193.251.184.88,Adoption_par_Louis_XVI_de_la_cocarde_tricolore,02/06/2006 07:43,0
193.251.184.88,Adoption_par_Louis_XVI_de_la_cocarde_tricolore,02/06/2006 07:46,0
193.251.184.88,Adoption_par_Louis_XVI_de_la_cocarde_tricolore,02/06/2006 07:48,0
Félo,Alexandre_François_Marie_de_Beauharnais,10/07/2006 09:26,0
Jaucourt,Conseil_exécutif_(Révolution_française),17/08/2006 04:31,0
Escaladix,Bataille_de_Cholet,21/12/2006 03:27,0
Laurent Nguyen,Bonnet_phrygien,21/01/2007 10:04,0
Medium69,Citoyen_actif,12/03/2007 07:38,0
83.204.247.8,Certificat_de_civisme,24/03/2007 03:52,0
Sand,Bonnet_phrygien,01/04/2007 05:25,0
Escarbot,André_Joseph_Abrial,02/12/2007 02:09,0
Daniel*D,Charles_Antoine_Chasset,09/01/2008 12:13,0
Colombia,Alexandre_François_Marie_de_Beauharnais,02/03/2008 04:25,0
Laurent Nguyen,Cocarde_tricolore,16/03/2008 09:58,0
Wanderer999,Club_de_1789,16/05/2008 12:30,0
Wanderer999,Club_de_1789,16/05/2008 12:31,0
Épiméthée,11e_régiment_de_hussards_(France),07/07/2008 09:30,0
